building_id,longitude,latitude,district_id
52039,30.371615158,59.859412676,13
52039,30.371615158,59.859412676,13
42554,30.369429603,59.860458241,13
560,30.36745885,59.85974676,13
560,30.36745885,59.85974676,13
51230,30.368330987,59.859328378,13
82268,30.369359409,59.859278462,13
68560,30.370095323,59.85937145,13
66445,30.371071641,59.858681504,13
36939,30.36455101,59.858405852,13
139330,30.452536955,59.913080552,12
89130,29.99219645,60.005458347,34
127977,29.992954919,60.005832044,34
34290,29.992415548,60.00596656,34
34290,29.992415548,60.00596656,34
77127,29.99141099,60.006280109,34
110948,29.993625408,60.010987952,34
9395,30.128623402,60.126638147,38
220313,29.99206443,60.008974097,34
38747,30.129258547,60.126343221,38
86457,29.990147743,60.007886752,34
98498,29.991613511,60.008574923,34
25050,30.131552653,60.127256009,38
100539,30.13249781,60.128181605,38
75047,30.133013673,60.127975907,38
77127,29.99141099,60.006280109,34
55325,29.9894273,60.006234822,34
99772,29.990762615,60.006448898,34
93246,29.990455897,60.006549853,34
36432,29.993107075,60.010403344,34
220313,29.99206443,60.008974097,34
11308,29.991067817,60.008021271,34
25050,30.131552653,60.127256009,38
60111,30.131992656,60.127336081,38
100539,30.13249781,60.128181605,38
30405,29.99390417,60.005930911,34
98455,29.989721098,60.006772664,34
75047,30.133013673,60.127975907,38
89492,29.989003355,60.006328673,34
82110,29.991816558,60.008788735,34
53395,29.836605383,60.186169092,38
19305,29.990858836,60.005906866,34
61910,29.990284831,60.006150604,34
93246,29.990455897,60.006549853,34
54758,29.993686971,60.005692778,34
110819,29.99149596,60.008405007,34
27534,29.996048622,60.01405699,34
110819,29.99149596,60.008405007,34
82110,29.991816558,60.008788735,34
38747,30.129258547,60.126343221,38
212790,29.988544373,60.006666568,34
38484,29.837362008,60.186890747,38
30405,29.99390417,60.005930911,34
61910,29.990284831,60.006150604,34
110997,29.986929297,60.00774628,34
98498,29.991613511,60.008574923,34
86457,29.990147743,60.007886752,34
88765,29.989697302,60.006038904,34
91562,29.993379593,60.010241167,34
6768,29.990521791,60.006796149,34
19305,29.990858836,60.005906866,34
9395,30.128623402,60.126638147,38
50977,29.991020005,60.007836011,34
54758,29.993686971,60.005692778,34
56241,29.991573906,60.005624,34
99772,29.990762615,60.006448898,34
127977,29.992954919,60.005832044,34
110819,29.99149596,60.008405007,34
91042,29.993855019,60.011182913,34
9395,30.128623402,60.126638147,38
52261,29.986825468,60.007395322,34
89492,29.989003355,60.006328673,34
11308,29.991067817,60.008021271,34
60111,30.131992656,60.127336081,38
37112,30.126564693,60.126232468,38
76468,30.474952383,59.88229893,12
82114,30.476320692,59.882138704,12
126276,30.478067424,59.880650444,12
199041,30.476639386,59.882769639,12
88838,30.477707467,59.882407359,12
88838,30.477707467,59.882407359,12
42558,30.478011112,59.88310755,12
34739,30.479768584,59.881474176,12
34739,30.479768584,59.881474176,12
75517,30.371670365,59.850144054,13
75517,30.371670365,59.850144054,13
37273,30.37249461,59.851070105,13
25831,30.372940943,59.8515434,13
25831,30.372940943,59.8515434,13
37839,30.373566032,59.850614053,13
66692,30.373828258,59.849768223,13
25652,30.374020878,59.851018563,13
25652,30.374020878,59.851018563,13
92510,30.374803232,59.849830974,13
30992,30.374492188,59.851426437,13
30992,30.374492188,59.851426437,13
37587,30.375390618,59.850233666,13
34911,30.375805592,59.850723826,13
34911,30.375805592,59.850723826,13
110386,30.368030763,59.855237447,13
110386,30.368030763,59.855237447,13
138696,30.368536152,59.855920538,13
67493,30.245568834,59.948251631,6
131418,29.756578191,60.240168577,38
131418,29.756578191,60.240168577,38
15983,30.192672823,60.101247758,36
13004,30.195618841,60.108350168,36
98291,30.230691028,60.100370204,36
81443,30.229260657,60.099174276,36
71198,30.227042951,60.098137568,36
79167,30.223147519,60.098427737,36
17410,30.221624181,60.098108167,36
110268,30.220416781,60.097400309,36
77139,30.429129001,59.720701946,35
98918,30.225898689,60.098660738,36
96925,30.226413937,60.098778962,36
48593,30.22533589,60.098475186,36
78777,30.112715827,59.784795316,16
19293,30.22868549,60.099101404,36
73235,30.60408226,59.749577746,37
35223,29.804703018,59.900177707,21
30743,30.605422877,59.749557303,37
30743,30.605422877,59.749557303,37
55877,29.803778993,59.899740382,21
41161,30.607594593,59.748865262,37
22682,30.608262284,59.748804814,37
12687,30.60824746,59.749496143,37
198078,29.802221702,59.900461508,21
21742,30.60847865,59.749131804,37
21742,30.60847865,59.749131804,37
108026,30.228116632,60.100147499,36
86169,30.449079574,59.704078386,35
103203,30.224423093,60.099762217,36
10854,30.223697497,60.099613196,36
63080,30.225296362999998,60.099582298,36
65504,30.222964684,60.099060552,36
108167,30.219302783,60.097161976,36
66367,30.219003938,60.096981884,36
65656,30.218753836,60.096833393,36
6792,29.804760891,59.899936882,21
43424,30.225484692,60.09736726,36
57894,30.224829959,60.098773048,36
37562,30.222671712,60.09863767,36
36295,30.222292437,60.098636333,36
92047,30.221188612,60.097859646,36
14563,30.219835316,60.097507369,36
29922,30.220139324,60.097248098,36
29922,30.220139324,60.097248098,36
126731,30.228759346,60.099564504,36
126731,30.228759346,60.099564504,36
81443,30.229260657,60.099174276,36
17706,30.226036789,60.097567549,36
79739,30.224251441,60.096936557,36
35223,29.804703018,59.900177707,21
55877,29.803778993,59.899740382,21
108922,29.803068334,59.899815079,21
108922,29.803068334,59.899815079,21
108922,29.803068334,59.899815079,21
77358,30.607593128,59.749215522,37
77358,30.607593128,59.749215522,37
72591,30.226375571,60.099002878,36
96925,30.226413937,60.098778962,36
48593,30.22533589,60.098475186,36
78777,30.112715827,59.784795316,16
12687,30.60824746,59.749496143,37
21742,30.60847865,59.749131804,37
21742,30.60847865,59.749131804,37
17611,30.449200642,59.703436623,35
17611,30.449200642,59.703436623,35
108026,30.228116632,60.100147499,36
102576,30.224716195,60.100225755,36
10854,30.223697497,60.099613196,36
63080,30.225296362999998,60.099582298,36
50413,30.224290893,60.099353964,36
16466,30.223446241,60.099167895,36
16466,30.223446241,60.099167895,36
9912,29.990013436,60.030598836,34
28598,30.232133979,60.099100241,36
48697,30.12998591,59.781659666,16
21520,30.130309273,59.782035438,16
62526,30.42967429,59.720096427,35
62526,30.42967429,59.720096427,35
77139,30.429129001,59.720701946,35
77139,30.429129001,59.720701946,35
77139,30.429129001,59.720701946,35
46653,30.301116704,60.038702547,34
46653,30.301116704,60.038702547,34
50577,30.224827583,60.099452501,36
50577,30.224827583,60.099452501,36
48697,30.12998591,59.781659666,16
65970,30.227233504,60.100957447,36
81824,30.226452638,60.10069715,36
65970,30.227233504,60.100957447,36
5856,29.985243113,60.032188337,34
65970,30.227233504,60.100957447,36
9912,29.990013436,60.030598836,34
65970,30.227233504,60.100957447,36
125679,30.227124666,60.102067191,36
43424,30.225484692,60.09736726,36
43424,30.225484692,60.09736726,36
43424,30.225484692,60.09736726,36
28635,30.244706369,60.102100537,36
9912,29.990013436,60.030598836,34
67534,29.802601653,59.900356162,21
65499,30.222305913,60.098982138,36
69548,30.225032607,60.099125891,36
57894,30.224829959,60.098773048,36
34267,30.224333122,60.098665288,36
34317,30.223673761,60.098525758,36
34317,30.223673761,60.098525758,36
112128,30.225843819,60.098916276,36
79167,30.223147519,60.098427737,36
35586,30.222703559,60.098296455,36
3894,30.221204459,60.098319526,36
114714,30.222201539,60.098244344,36
111213,30.220967345,60.098127397,36
17410,30.221624181,60.098108167,36
15739,30.220448729,60.097823633,36
92047,30.221188612,60.097859646,36
74663,30.220739119,60.097597862,36
14563,30.219835316,60.097507369,36
110268,30.220416781,60.097400309,36
43424,30.225484692,60.09736726,36
102780,30.224727386,60.097094705,36
104096,30.244448326,60.10647776,36
102780,30.224727386,60.097094705,36
102780,30.224727386,60.097094705,36
28635,30.244706369,60.102100537,36
102780,30.224727386,60.097094705,36
102780,30.224727386,60.097094705,36
126707,30.243159945,60.09787384,36
102780,30.224727386,60.097094705,36
102780,30.224727386,60.097094705,36
85656,30.223448934,60.09670114,36
104096,30.244448326,60.10647776,36
85656,30.223448934,60.09670114,36
85656,30.223448934,60.09670114,36
85656,30.223448934,60.09670114,36
28635,30.244706369,60.102100537,36
85656,30.223448934,60.09670114,36
85656,30.223448934,60.09670114,36
126707,30.243159945,60.09787384,36
85656,30.223448934,60.09670114,36
65970,30.227233504,60.100957447,36
17856,30.227013587,60.10152131,36
95827,30.219573937,60.097313213,36
29922,30.220139324,60.097248098,36
108167,30.219302783,60.097161976,36
45105,30.21984994,60.097059016,36
66367,30.219003938,60.096981884,36
65656,30.218753836,60.096833393,36
72724,30.220649393,60.097941685,36
112128,30.225843819,60.098916276,36
69548,30.225032607,60.099125891,36
112128,30.225843819,60.098916276,36
65970,30.227233504,60.100957447,36
1452,30.354347088,59.729426198,35
65970,30.227233504,60.100957447,36
46455,30.226286174,60.101219722,36
112128,30.225843819,60.098916276,36
112128,30.225843819,60.098916276,36
110465,30.220274951,60.099146649,36
22786,30.00622349,59.847673175,21
28683,30.223766908,60.098928603,36
11697,30.222963916,60.098787607,36
37562,30.222671712,60.09863767,36
36295,30.222292437,60.098636333,36
86169,30.449079574,59.704078386,35
30743,30.605422877,59.749557303,37
46455,30.226286174,60.101219722,36
3240,30.226155668,60.10169143,36
5856,29.985243113,60.032188337,34
81824,30.226452638,60.10069715,36
98240,30.226609498,60.100294956,36
98240,30.226609498,60.100294956,36
65970,30.227233504,60.100957447,36
43998,30.227776468,60.099747686,36
1523,30.353192005,59.730978317,35
45721,30.228287913,60.099287256,36
108922,29.803068334,59.899815079,21
19293,30.22868549,60.099101404,36
17706,30.226036789,60.097567549,36
21520,30.130309273,59.782035438,16
25407,30.428826546,59.719648685,35
32445,30.299649238,60.041535818,34
25407,30.428826546,59.719648685,35
40718,30.129127804,59.780429101,16
28598,30.232133979,60.099100241,36
55150,30.129426803,59.780817286,16
55150,30.129426803,59.780817286,16
109767,29.80403388,59.900087496,21
23055,30.610196194,59.800292176,37
109767,29.80403388,59.900087496,21
16571,30.5123273,59.806540031,37
6792,29.804760891,59.899936882,21
22682,30.608262284,59.748804814,37
110465,30.220274951,60.099146649,36
22786,30.00622349,59.847673175,21
15739,30.220448729,60.097823633,36
98918,30.225898689,60.098660738,36
98291,30.230691028,60.100370204,36
95827,30.219573937,60.097313213,36
114714,30.222201539,60.098244344,36
30743,30.605422877,59.749557303,37
17856,30.227013587,60.10152131,36
65499,30.222305913,60.098982138,36
6792,29.804760891,59.899936882,21
123992,30.220124735,60.097647444,36
3894,30.221204459,60.098319526,36
4128,30.225288649,60.098848021,36
1523,30.353192005,59.730978317,35
30743,30.605422877,59.749557303,37
43424,30.225484692,60.09736726,36
46455,30.226286174,60.101219722,36
19091,30.219659914,60.096944624,36
65970,30.227233504,60.100957447,36
45105,30.21984994,60.097059016,36
62526,30.42967429,59.720096427,35
40718,30.129127804,59.780429101,16
83958,30.227641962,60.100052638,36
83958,30.227641962,60.100052638,36
71819,30.224906346,60.099878796,36
71819,30.224906346,60.099878796,36
102576,30.224716195,60.100225755,36
71198,30.227042951,60.098137568,36
102780,30.224727386,60.097094705,36
11697,30.222963916,60.098787607,36
4128,30.225288649,60.098848021,36
41161,30.607594593,59.748865262,37
74663,30.220739119,60.097597862,36
73235,30.60408226,59.749577746,37
35586,30.222703559,60.098296455,36
50413,30.224290893,60.099353964,36
123992,30.220124735,60.097647444,36
81824,30.226452638,60.10069715,36
65504,30.222964684,60.099060552,36
28683,30.223766908,60.098928603,36
103203,30.224423093,60.099762217,36
43998,30.227776468,60.099747686,36
62526,30.42967429,59.720096427,35
3240,30.226155668,60.10169143,36
72591,30.226375571,60.099002878,36
72724,30.220649393,60.097941685,36
10579,30.600903102,59.795527421,37
10579,30.600903102,59.795527421,37
69548,30.225032607,60.099125891,36
112128,30.225843819,60.098916276,36
17856,30.227013587,60.10152131,36
198078,29.802221702,59.900461508,21
45721,30.228287913,60.099287256,36
65970,30.227233504,60.100957447,36
3240,30.226155668,60.10169143,36
5856,29.985243113,60.032188337,34
111213,30.220967345,60.098127397,36
30743,30.605422877,59.749557303,37
34267,30.224333122,60.098665288,36
85656,30.223448934,60.09670114,36
67534,29.802601653,59.900356162,21
69548,30.225032607,60.099125891,36
112128,30.225843819,60.098916276,36
89130,29.99219645,60.005458347,34
89130,29.99219645,60.005458347,34
127977,29.992954919,60.005832044,34
34290,29.992415548,60.00596656,34
77127,29.99141099,60.006280109,34
110948,29.993625408,60.010987952,34
9395,30.128623402,60.126638147,38
220313,29.99206443,60.008974097,34
38747,30.129258547,60.126343221,38
86457,29.990147743,60.007886752,34
98498,29.991613511,60.008574923,34
25050,30.131552653,60.127256009,38
100539,30.13249781,60.128181605,38
75047,30.133013673,60.127975907,38
77127,29.99141099,60.006280109,34
55325,29.9894273,60.006234822,34
99772,29.990762615,60.006448898,34
93246,29.990455897,60.006549853,34
36432,29.993107075,60.010403344,34
220313,29.99206443,60.008974097,34
11308,29.991067817,60.008021271,34
25050,30.131552653,60.127256009,38
60111,30.131992656,60.127336081,38
100539,30.13249781,60.128181605,38
30405,29.99390417,60.005930911,34
98455,29.989721098,60.006772664,34
75047,30.133013673,60.127975907,38
89492,29.989003355,60.006328673,34
82110,29.991816558,60.008788735,34
53395,29.836605383,60.186169092,38
19305,29.990858836,60.005906866,34
61910,29.990284831,60.006150604,34
93246,29.990455897,60.006549853,34
54758,29.993686971,60.005692778,34
110819,29.99149596,60.008405007,34
27534,29.996048622,60.01405699,34
110819,29.99149596,60.008405007,34
82110,29.991816558,60.008788735,34
38747,30.129258547,60.126343221,38
212790,29.988544373,60.006666568,34
38484,29.837362008,60.186890747,38
30405,29.99390417,60.005930911,34
61910,29.990284831,60.006150604,34
110997,29.986929297,60.00774628,34
98498,29.991613511,60.008574923,34
86457,29.990147743,60.007886752,34
88765,29.989697302,60.006038904,34
91562,29.993379593,60.010241167,34
6768,29.990521791,60.006796149,34
19305,29.990858836,60.005906866,34
9395,30.128623402,60.126638147,38
50977,29.991020005,60.007836011,34
54758,29.993686971,60.005692778,34
56241,29.991573906,60.005624,34
99772,29.990762615,60.006448898,34
127977,29.992954919,60.005832044,34
110819,29.99149596,60.008405007,34
91042,29.993855019,60.011182913,34
9395,30.128623402,60.126638147,38
52261,29.986825468,60.007395322,34
89492,29.989003355,60.006328673,34
11308,29.991067817,60.008021271,34
60111,30.131992656,60.127336081,38
37112,30.126564693,60.126232468,38
6126,30.362795991,59.873298793,13
6126,30.362795991,59.873298793,13
67868,30.274999486,59.959000882,7
67868,30.274999486,59.959000882,7
210254,30.272670232,59.95958259,7
115938,30.271692343,59.958397296,7
107505,30.419179678,59.976990989,11
107505,30.419179678,59.976990989,11
59901,30.420857687,59.976873719,11
84989,29.784068122,60.214914073,38
84989,29.784068122,60.214914073,38
86621,29.782016384,60.215685567,38
84989,29.784068122,60.214914073,38
86881,29.790061516,60.210959162,38
86881,29.790061516,60.210959162,38
86881,29.790061516,60.210959162,38
197560,30.070738185,60.096404862,38
89130,29.99219645,60.005458347,34
89130,29.99219645,60.005458347,34
127977,29.992954919,60.005832044,34
34290,29.992415548,60.00596656,34
77127,29.99141099,60.006280109,34
110948,29.993625408,60.010987952,34
9395,30.128623402,60.126638147,38
220313,29.99206443,60.008974097,34
38747,30.129258547,60.126343221,38
86457,29.990147743,60.007886752,34
98498,29.991613511,60.008574923,34
25050,30.131552653,60.127256009,38
100539,30.13249781,60.128181605,38
75047,30.133013673,60.127975907,38
77127,29.99141099,60.006280109,34
55325,29.9894273,60.006234822,34
99772,29.990762615,60.006448898,34
93246,29.990455897,60.006549853,34
36432,29.993107075,60.010403344,34
220313,29.99206443,60.008974097,34
11308,29.991067817,60.008021271,34
25050,30.131552653,60.127256009,38
60111,30.131992656,60.127336081,38
100539,30.13249781,60.128181605,38
30405,29.99390417,60.005930911,34
98455,29.989721098,60.006772664,34
75047,30.133013673,60.127975907,38
89492,29.989003355,60.006328673,34
82110,29.991816558,60.008788735,34
53395,29.836605383,60.186169092,38
19305,29.990858836,60.005906866,34
61910,29.990284831,60.006150604,34
93246,29.990455897,60.006549853,34
54758,29.993686971,60.005692778,34
110819,29.99149596,60.008405007,34
27534,29.996048622,60.01405699,34
110819,29.99149596,60.008405007,34
82110,29.991816558,60.008788735,34
38747,30.129258547,60.126343221,38
212790,29.988544373,60.006666568,34
38484,29.837362008,60.186890747,38
30405,29.99390417,60.005930911,34
61910,29.990284831,60.006150604,34
110997,29.986929297,60.00774628,34
98498,29.991613511,60.008574923,34
86457,29.990147743,60.007886752,34
88765,29.989697302,60.006038904,34
91562,29.993379593,60.010241167,34
6768,29.990521791,60.006796149,34
19305,29.990858836,60.005906866,34
9395,30.128623402,60.126638147,38
50977,29.991020005,60.007836011,34
54758,29.993686971,60.005692778,34
56241,29.991573906,60.005624,34
99772,29.990762615,60.006448898,34
127977,29.992954919,60.005832044,34
110819,29.99149596,60.008405007,34
91042,29.993855019,60.011182913,34
9395,30.128623402,60.126638147,38
52261,29.986825468,60.007395322,34
89492,29.989003355,60.006328673,34
11308,29.991067817,60.008021271,34
60111,30.131992656,60.127336081,38
37112,30.126564693,60.126232468,38
1936,30.441208109,59.866433261,12
1936,30.441208109,59.866433261,12
99286,30.440397957,59.866273957,12
2293,30.413493359,59.985556037,10
2293,30.413493359,59.985556037,10
16408,30.412629163,59.986271419,10
187262,30.427757718,59.895276488,12
187262,30.427757718,59.895276488,12
57410,30.425360208,59.89572048,12
13491,30.409684188,59.939064222,11
82987,30.300903603,59.953225406,7
82987,30.300903603,59.953225406,7
198870,30.302107187,59.953018007,7
77060,30.43307709,59.973297173,11
77060,30.43307709,59.973297173,11
28450,30.430336478,59.97263834,11
38559,30.432943268,59.973813812,11
92064,30.433045875,59.972744455,11
82687,30.43580873,59.973891803,11
85863,30.435387877,59.972007733,11
104794,30.310966799,59.824275584,14
68236,30.404177116,59.717389503,35
68236,30.404177116,59.717389503,35
50625,30.360544589,59.898827659,13
9239,29.742805379,59.918852774,21
80937,30.409515817,59.720025408,35
36435,30.40409961,59.716297165,35
43385,30.401286167,59.717082142,35
98738,30.402991717,59.718042392,35
98720,30.403207295,59.719638586,35
103519,30.349243999,59.732233414,35
103519,30.349243999,59.732233414,35
103519,30.349243999,59.732233414,35
103519,30.349243999,59.732233414,35
103519,30.349243999,59.732233414,35
103519,30.349243999,59.732233414,35
103519,30.349243999,59.732233414,35
103519,30.349243999,59.732233414,35
103519,30.349243999,59.732233414,35
103519,30.349243999,59.732233414,35
103519,30.349243999,59.732233414,35
103519,30.349243999,59.732233414,35
103519,30.349243999,59.732233414,35
103519,30.349243999,59.732233414,35
103519,30.349243999,59.732233414,35
103519,30.349243999,59.732233414,35
103519,30.349243999,59.732233414,35
103519,30.349243999,59.732233414,35
103519,30.349243999,59.732233414,35
12575,29.518542354,60.193163623,38
12575,29.518542354,60.193163623,38
216504,29.139621407,60.349182229,100009
76390,30.342801144,59.923934792,31
76390,30.342801144,59.923934792,31
18355,30.343854038,59.923996854,31
31268,30.344641658,59.924995692,31
43116,29.519365883,60.193615027,38
18355,30.343854038,59.923996854,31
76390,30.342801144,59.923934792,31
76390,30.342801144,59.923934792,31
18355,30.343854038,59.923996854,31
82166,30.167812178,59.993661308,34
203425,30.154327191,59.994826934,34
2201,30.154950538,59.992371177,34
60351,30.160266105,59.994913287,34
99042,30.160729075,59.994609705,34
21417,30.294784012,60.08514773,36
92711,30.132081382,59.781826592,16
44420,29.908064156,60.157009305,38
41320,30.13346672,59.78169459,16
76217,30.134000181,59.782240055,16
25809,30.134528552,59.782755362,16
64443,30.130922511,59.782006284,16
39985,30.134977757,59.783062687,16
31102,30.135238593,59.783281701,16
100697,30.135577714,59.783573519,16
100697,30.135577714,59.783573519,16
105126,30.290915008,60.088887811,36
91,30.137630475,59.785220356,16
21417,30.294784012,60.08514773,36
42640,30.289966954,60.089236889,36
55723,30.138067125,59.785705856,16
74783,30.160237731,59.993975274,34
22052,30.15896429,59.994568401,34
204785,30.159508373,59.994177392,34
72173,30.158663171,59.994660944,34
129124,30.294095409,60.087415151,36
32272,30.291207212,60.087526289,36
94754,29.911919013,60.157674753,38
77992,30.293097267,60.087821449,36
77992,30.293097267,60.087821449,36
69175,30.131808331,59.781932603,16
40910,30.291603822,60.089014914,36
108082,30.157676268,59.993765638,34
203425,30.154327191,59.994826934,34
2201,30.154950538,59.992371177,34
18126,30.133670937,59.781962584,16
59601,30.154724512,59.995033806,34
2201,30.154950538,59.992371177,34
6068,30.157103454,59.994146621,34
8616,30.346457541,59.730124143,35
62296,30.162371925,59.994558505,34
126985,30.162566175,59.994744422,34
111169,30.161329787,59.994555386,34
71961,30.158458745,59.994291213,34
33697,30.155223806,59.994784863,34
21417,30.294784012,60.08514773,36
33697,30.155223806,59.994784863,34
64443,30.130922511,59.782006284,16
39502,30.161471462,59.994727097,34
103881,30.159597282,59.994890761,34
7503,30.160117669,59.99467633,34
82205,30.13133174,59.781938736,16
60351,30.160266105,59.994913287,34
87372,30.135923251,59.783865329,16
126095,30.158568144,59.993900639,34
71961,30.158458745,59.994291213,34
72173,30.158663171,59.994660944,34
87372,30.135923251,59.783865329,16
21417,30.294784012,60.08514773,36
16663,30.136519157,59.784336397,16
64443,30.130922511,59.782006284,16
55723,30.138067125,59.785705856,16
44420,29.908064156,60.157009305,38
25809,30.134528552,59.782755362,16
64443,30.130922511,59.782006284,16
7503,30.160117669,59.99467633,34
54534,30.160867524,59.994855649,34
16663,30.136519157,59.784336397,16
64443,30.130922511,59.782006284,16
28607,30.151727497,59.996524019,34
111169,30.161329787,59.994555386,34
126095,30.158568144,59.993900639,34
22052,30.15896429,59.994568401,34
105629,30.29172991,60.088215808,36
42640,30.289966954,60.089236889,36
40910,30.291603822,60.089014914,36
92711,30.132081382,59.781826592,16
204785,30.159508373,59.994177392,34
126095,30.158568144,59.993900639,34
71961,30.158458745,59.994291213,34
74783,30.160237731,59.993975274,34
39502,30.161471462,59.994727097,34
18126,30.133670937,59.781962584,16
91,30.137630475,59.785220356,16
21417,30.294784012,60.08514773,36
75933,30.156275912,59.994279277,34
71961,30.158458745,59.994291213,34
105126,30.290915008,60.088887811,36
90927,30.294411003,60.087925699,36
26908,30.154453214,59.99553003,34
71961,30.158458745,59.994291213,34
103881,30.159597282,59.994890761,34
57250,30.464382063,59.966473645,11
57250,30.464382063,59.966473645,11
80221,30.311935583,59.81881456,14
124989,30.393356126,59.859894704,13
124989,30.393356126,59.859894704,13
138587,30.380893663,59.853719822,13
138587,30.380893663,59.853719822,13
66584,30.382060573,59.852615719,13
36671,30.380736038,59.851918087,13
36671,30.380736038,59.851918087,13
106529,30.45112431,59.869510549,12
106529,30.45112431,59.869510549,12
11995,30.452157553,59.870011455,12
68004,30.453052058,59.869865124,12
58526,30.451602903,59.868708163,12
58526,30.451602903,59.868708163,12
38714,30.451891851,59.8693091,12
92356,30.452072173,59.867838666,12
53520,30.454044569,59.868829469,12
38961,30.411479978,59.927472417,11
108535,30.32040631,59.954506799,7
102173,30.311664376,59.955045832,7
110740,30.32165996,59.9533982,7
110740,30.32165996,59.9533982,7
7474,30.227233059,59.944015464,6
77060,30.43307709,59.973297173,11
48434,30.43148995,59.972990733,11
28450,30.430336478,59.97263834,11
38559,30.432943268,59.973813812,11
92064,30.433045875,59.972744455,11
92064,30.433045875,59.972744455,11
85863,30.435387877,59.972007733,11
8401,30.338260101,59.930061575,31
1339,30.337013997,59.929552607,31
53292,30.337851669,59.931171586,31
23300,30.098686994,59.748162287,16
207906,30.470207556,59.97804746,11
207900,30.473299776,59.977743524,11
207902,30.472372861,59.975712832,11
68236,30.404177116,59.717389503,35
106386,30.403650849,59.716481928,35
30005,30.404809897,59.71691837,35
53412,29.946513809,59.870605995,21
82791,30.402986999,59.716852708,35
82791,30.402986999,59.716852708,35
31551,30.303985752,59.925190521,32
9239,29.742805379,59.918852774,21
80937,30.409515817,59.720025408,35
36435,30.40409961,59.716297165,35
103519,30.349243999,59.732233414,35
2896,30.350630714,59.732543343,35
30383,30.35051373,59.73276348,35
30383,30.35051373,59.73276348,35
102361,30.350261163,59.733244914,35
97037,30.349997661,59.733531326,35
36705,30.351272621,59.731640247,35
13111,29.983775846,60.052776467,38
57357,30.351706568,59.73104792,35
44185,29.983862311,60.053258196,38
44185,29.983862311,60.053258196,38
56018,30.352793641,59.730120106,35
13111,29.983775846,60.052776467,38
36705,30.351272621,59.731640247,35
215149,30.349695019,59.734036768,35
124294,30.350865344,59.73406587,35
55663,29.990935193,60.030151556,34
43998,30.227776468,60.099747686,36
1523,30.353192005,59.730978317,35
45721,30.228287913,60.099287256,36
19293,30.22868549,60.099101404,36
131006,29.992110505,60.029148516,34
4526,30.352540366,59.731812063,35
96099,29.992939974,60.028822567,34
46624,30.215591452,59.97561776,7
44281,30.226541602,59.859176683,16
44281,30.226541602,59.859176683,16
11092,30.226953812,59.858676555,16
99414,30.225273293,59.859171051,16
128231,30.22359364,59.859297065,16
88590,30.330836621,59.953299203,7
88590,30.330836621,59.953299203,7
88590,30.330836621,59.953299203,7
5811,29.534356644,60.194583178,38
5811,29.534356644,60.194583178,38
70142,29.527789677,60.194793604,38
70142,29.527789677,60.194793604,38
5811,29.534356644,60.194583178,38
38446,30.253022779,60.080864042,36
38446,30.253022779,60.080864042,36
82166,30.167812178,59.993661308,34
203425,30.154327191,59.994826934,34
2201,30.154950538,59.992371177,34
60351,30.160266105,59.994913287,34
99042,30.160729075,59.994609705,34
21417,30.294784012,60.08514773,36
92711,30.132081382,59.781826592,16
44420,29.908064156,60.157009305,38
41320,30.13346672,59.78169459,16
76217,30.134000181,59.782240055,16
25809,30.134528552,59.782755362,16
64443,30.130922511,59.782006284,16
39985,30.134977757,59.783062687,16
31102,30.135238593,59.783281701,16
100697,30.135577714,59.783573519,16
100697,30.135577714,59.783573519,16
105126,30.290915008,60.088887811,36
91,30.137630475,59.785220356,16
21417,30.294784012,60.08514773,36
42640,30.289966954,60.089236889,36
55723,30.138067125,59.785705856,16
74783,30.160237731,59.993975274,34
22052,30.15896429,59.994568401,34
204785,30.159508373,59.994177392,34
72173,30.158663171,59.994660944,34
129124,30.294095409,60.087415151,36
32272,30.291207212,60.087526289,36
94754,29.911919013,60.157674753,38
77992,30.293097267,60.087821449,36
77992,30.293097267,60.087821449,36
69175,30.131808331,59.781932603,16
40910,30.291603822,60.089014914,36
108082,30.157676268,59.993765638,34
203425,30.154327191,59.994826934,34
2201,30.154950538,59.992371177,34
18126,30.133670937,59.781962584,16
59601,30.154724512,59.995033806,34
2201,30.154950538,59.992371177,34
6068,30.157103454,59.994146621,34
8616,30.346457541,59.730124143,35
62296,30.162371925,59.994558505,34
126985,30.162566175,59.994744422,34
111169,30.161329787,59.994555386,34
71961,30.158458745,59.994291213,34
33697,30.155223806,59.994784863,34
21417,30.294784012,60.08514773,36
33697,30.155223806,59.994784863,34
64443,30.130922511,59.782006284,16
39502,30.161471462,59.994727097,34
103881,30.159597282,59.994890761,34
7503,30.160117669,59.99467633,34
82205,30.13133174,59.781938736,16
60351,30.160266105,59.994913287,34
87372,30.135923251,59.783865329,16
126095,30.158568144,59.993900639,34
71961,30.158458745,59.994291213,34
72173,30.158663171,59.994660944,34
87372,30.135923251,59.783865329,16
21417,30.294784012,60.08514773,36
16663,30.136519157,59.784336397,16
64443,30.130922511,59.782006284,16
55723,30.138067125,59.785705856,16
44420,29.908064156,60.157009305,38
25809,30.134528552,59.782755362,16
64443,30.130922511,59.782006284,16
7503,30.160117669,59.99467633,34
54534,30.160867524,59.994855649,34
16663,30.136519157,59.784336397,16
64443,30.130922511,59.782006284,16
28607,30.151727497,59.996524019,34
111169,30.161329787,59.994555386,34
126095,30.158568144,59.993900639,34
22052,30.15896429,59.994568401,34
105629,30.29172991,60.088215808,36
42640,30.289966954,60.089236889,36
40910,30.291603822,60.089014914,36
92711,30.132081382,59.781826592,16
204785,30.159508373,59.994177392,34
126095,30.158568144,59.993900639,34
71961,30.158458745,59.994291213,34
74783,30.160237731,59.993975274,34
39502,30.161471462,59.994727097,34
18126,30.133670937,59.781962584,16
91,30.137630475,59.785220356,16
21417,30.294784012,60.08514773,36
75933,30.156275912,59.994279277,34
71961,30.158458745,59.994291213,34
105126,30.290915008,60.088887811,36
90927,30.294411003,60.087925699,36
26908,30.154453214,59.99553003,34
71961,30.158458745,59.994291213,34
103881,30.159597282,59.994890761,34
44474,30.304569657,59.928632114,32
44474,30.304569657,59.928632114,32
44474,30.304569657,59.928632114,32
44474,30.304569657,59.928632114,32
44474,30.304569657,59.928632114,32
44474,30.304569657,59.928632114,32
44474,30.304569657,59.928632114,32
30910,30.293235076,59.955055519,7
110302,30.460484706,59.681222948,35
110302,30.460484706,59.681222948,35
110302,30.460484706,59.681222948,35
211836,30.532861434,59.829804439,12
211836,30.532861434,59.829804439,12
211836,30.532861434,59.829804439,12
211836,30.532861434,59.829804439,12
211836,30.532861434,59.829804439,12
224707,29.753231911,60.220719677,12
86576,30.335591332,59.955837928,7
86576,30.335591332,59.955837928,7
94402,30.334908523,59.957537344,7
10825,30.332694864,59.956038964,7
51867,30.422235824,59.895133633,12
51867,30.422235824,59.895133633,12
113348,30.311305088,59.753306729,14
113348,30.311305088,59.753306729,14
113348,30.311305088,59.753306729,14
113348,30.311305088,59.753306729,14
69045,30.130261813,59.780140032,16
69045,30.130261813,59.780140032,16
42975,30.130523619,59.780347475,16
42975,30.130523619,59.780347475,16
109602,30.129921976,59.780512153,16
45273,29.701538569,60.20656022,38
88210,29.622756544,60.215482374,38
89903,29.953841305,60.109643142,38
131438,29.627985473,60.217566508,38
18601,29.631044147,60.216938504,38
89903,29.953841305,60.109643142,38
89903,29.953841305,60.109643142,38
198698,30.610661513,59.750000719,37
74278,30.247232207,59.933199923,6
129525,29.628690813,60.216865615,38
131438,29.627985473,60.217566508,38
207423,29.622405983,60.216964301,38
4890,29.631651743,60.217065129,38
49916,29.956999385,60.110227966,38
45511,29.804842602,60.19275518,38
84109,30.13096855,59.780037182,16
18601,29.631044147,60.216938504,38
99657,29.624469491,60.215830631,38
50137,30.138596941,59.996085561,34
22536,29.611779944,60.219745485,38
215443,29.621987702,60.215783019,38
86282,29.952697912,60.110024738,38
46656,29.628797353,60.213741379,38
75251,30.522060556,59.803047123,37
35065,29.632317924,60.217212109,38
4890,29.631651743,60.217065129,38
75891,29.630322646,60.216690839,38
111239,29.625392649,60.217419918,38
108772,29.523885062,60.190835888,38
207423,29.622405983,60.216964301,38
111239,29.625392649,60.217419918,38
109602,30.129921976,59.780512153,16
45273,29.701538569,60.20656022,38
4890,29.631651743,60.217065129,38
74278,30.247232207,59.933199923,6
99657,29.624469491,60.215830631,38
35065,29.632317924,60.217212109,38
129527,29.621627005,60.217609393,38
69045,30.130261813,59.780140032,16
65283,30.166570883,59.994204115,34
88210,29.622756544,60.215482374,38
75891,29.630322646,60.216690839,38
129524,29.632196297,60.217473586,38
198698,30.610661513,59.750000719,37
198698,30.610661513,59.750000719,37
